sample,group,HMDB00001,HMDB00008,HMDB00042,HMDB00043,HMDB00060,HMDB00062,HMDB00064,HMDB00094,HMDB00097,HMDB00108,HMDB00122,HMDB00123,HMDB00131,HMDB00142,HMDB00148,HMDB00157,HMDB00158,HMDB00159,HMDB00161,HMDB00162,HMDB00167,HMDB00168,HMDB00172,HMDB00177,HMDB00182,HMDB00187,HMDB00190,HMDB00191,HMDB00214,HMDB00243,HMDB00254,HMDB00294,HMDB00357,HMDB00517,HMDB00562,HMDB00641,HMDB00687,HMDB00691,HMDB00696,HMDB00863,HMDB00883,HMDB00929,HMDB01659,HMDB01873,HMDB01875,HMDB01881,HMDB04983
A6,LD20,0.5599929002484912,0.6931132410365637,0.17811501597444088,1.6549520766773163,0.17891373801916932,0.2530173943911963,0.11368477103301383,0.14820731274405397,0.11794462193823217,0.4216364927227547,15.337415690450834,0.726659566915158,3.495296414625488,0.4573127440539581,5.065850195243166,0.0025736599219027332,0.010560880369187078,0.12948171813986512,0.11874334398296059,1.8218849840255593,0.28248136315228967,0.5567092651757188,0.5788959886403976,0.4963613773517927,1.037362442314519,1.904419595314164,0.023074192403265886,0.4755058572949946,0.40654952076677314,0.06753638622648207,0.14137380191693294,4.4876641817536385,0.35924742634007806,1.585285764998225,0.014643237486687966,1.013312034078807,1.2277245296414627,0,0.3898651047213348,0.08537451189208378,0.2066027689030884,0.14172878949236775,0.053070642527511536,0.01526446574369897,1.5903443379481719,0.0016861909833155839,0.09824281150159744
A7,LD20,0.447503749732162,0.17130919220055713,0.13638311549175058,1.4120419970002143,0.01028497964431112,0.05388900792800514,0.03599742875508893,0.039854296121705594,0.01639168630812085,0.04596100278551532,3.021855581744161,0.08067280908506534,1.1731304906792372,0.6536318834368975,0.8212984786800943,0.0011784872509106492,0.0029997857295907433,0.023462609813584744,0.07338761517034498,0.45264623955431754,0.07970859224341119,0.2129847868009428,0.027105206770944933,0.41043496893079073,0.08849367902292693,1.8502249839297193,0.08913649025069639,0.29419327190914935,0.1287765159631455,0.02003428326548104,0.02699807156631669,1.902614098992929,0.04746089565031069,0.6769873580458539,0.04746089565031069,5.550139275766017,0.11238482965502465,0.028497964431112067,0.013177630169273624,0.009535033211913435,0.0380329976430255,0.0251767730876366,0.02003428326548104,0.012534818941504178,0.013606170987786586,0,0.010392114848939362
A8,LD20,0.1352736591616328,0.3628958447739338,0.05377082189273293,1.8007962657880285,0.026130331319787665,0.06306058941973275,0.08255537250594912,0.050155592165476846,0.012264323631704191,0.10053999633900787,2.3656873512721948,0.09880102507779609,0.8331045213252791,0.3140673622551712,2.1695496979681494,3.2033681127585574e-4,0.004118616144975289,0.03230825553725059,0.2761760937213985,0.5083745194947832,0.2627677100494234,0.2560863994142413,0.17481237415339557,0.23187808896210874,0.16382939776679478,1.6762310086033314,0.4336902800658979,0.3211605345048508,0.27503203368112755,0.03221673073402892,0.2844133260113491,2.952178290316676,0.11170602233205199,0.5602690829214717,0.11889071938495334,2.937808896210873,0.3969430715723961,0.05404539630239795,0.07473000183049608,0.019769357495881386,0.12497711879919458,0.045396302397949846,0.01295075965586674,0.019632070291048874,0.011577887607541644,0,0.02018121911037891
A9,LD20,1.0717421672320893,0.5709439233685891,0.13420474955098785,3.0326282179205752,0.1484733586110557,0.6797046497705049,0.17551386948712833,0.19157852724007185,0.06974655757333866,0.24655757333865494,15.373677908601078,0.009279584913190982,2.3611055677509483,0.26930752344841347,3.4283576132508484,0.0030931949710636605,0,0.055178607064458186,0.06146477748952305,1.7366793055278387,0.30163639992017566,0.6831969666733188,0.4416284174815407,0,0.043703851526641385,2.7360806226302135,0.031630413091199364,0.8209938136100579,0.264019157852724,0.01746158451406905,0.07862702055477948,3.601576531630413,0.21452803831570544,1.5065855118738776,0.02085412093394532,1.1010776292157254,0.8403512272999402,0.7238076232288965,0.3005388146078627,0.06435841149471164,0.2447615246457793,0.030632608261823988,0.04460187587307923,0.016064657752943527,2.861704250648573,3.991219317501497e-4,0.08301736180403115
A10,LD20,0.795960328979197,0.3871552975326561,0.07692307692307693,1.380019351717465,0.048500241896468316,0.17525399129172714,0.17319787131107886,0.1042573778422835,0.05890179003386552,0.1851717464925012,6.773705853894533,0.4504112239961297,2.5707547169811322,0.3530478955007257,1.682510885341074,0.002902757619738752,0.00822447992259313,0.01644895984518626,0.08236574746008708,0.44738751814223515,0.2254475084663764,0.20766811804547652,0.0810353168843735,0.6594097726173198,0.13473633284954042,0.8322447992259314,0.052733430091920656,0.3316400580551524,0.019472665699080797,0,0.03809869375907112,11.013909046927914,0.14550072568940495,1.0079825834542817,0.12905176584421868,3.1157474600870825,0.20609579100145137,0.12397194000967587,0.09482341557813258,0.02660861151427189,0.03942912433478472,0.03180938558297049,0.04039671020803096,0.018505079825834544,0.8333333333333334,0.0037493952588292215,0.06712626995645864
A11,LD20,0.26887615250436087,0.4141539995016197,0.12770994268626965,1.6237229005731375,0.01893845003737852,0.1922501868925991,0.07201594816845253,0.09780712683777723,0.06790431098928483,0.18577124345875906,9.934462995265388,0.47545477199102926,3.8492399700971847,0.565038624470471,2.472090705208074,0.002865686518813855,0.007724894094193871,0.014453027660104659,0.1420383752803389,0.3823822576625966,0.27859456765512086,0.13443807625218043,0.07625218041365563,0.44181410416147526,0.11026663344131572,1.6758036381759283,0.19773236979815598,1.0171941191128833,0.053949663593321706,0,0.05257911786693247,22.606777971592326,0.10939446797906803,1.1888861201096437,0.007724894094193871,4.5152005980563175,0.15636680787440818,0.07762272614004485,0.10615499626214801,0.025791178669324694,0.04410665337652629,0.02466982307500623,0.03762770994268627,0.026289558933466236,1.0073511088960878,0,0.0806130077248941
A12,LD20,0.1731077981651376,0.4267775229357798,0.12167431192660551,3.4047591743119265,0.05240825688073395,0,0.10647935779816514,0.08841743119266056,0.08767201834862386,0.18331422018348623,9.75842889908257,0.3253440366972477,1.0147935779816515,0.45739678899082575,1.9936926605504586,4.0137614678899085e-4,0.012327981651376147,0.07924311926605504,0.25871559633027524,1.046158256880734,0.37282110091743126,0,0.33033256880733947,0.4339449541284403,0.32568807339449546,3.046158256880734,0.23887614678899083,0.2686353211009174,0.27735091743119267,0.025458715596330277,0.28927752293577985,2.177006880733945,0.1614678899082569,0.7407683486238532,0.09432339449541285,0.6126146788990826,0.64151376146789,0.05682339449541284,0.43778669724770647,0.03876146788990825,0.14208715596330276,0.08061926605504588,0.012729357798165138,0,0.01680045871559633,0,0.03113532110091743
A13,LD20,0.2954153740089624,0.30506721820062044,0.12564632885211996,2.752757669769045,0.027404343329886244,0.02568079972423302,0.10660117200965184,0.06859703550499827,0.08135125818683213,0.10918648741813168,7.676749396759738,0.22914512237159596,1.2691313340227508,0.5692002757669768,1.9299379524301963,2.585315408479834e-4,0.0038779731127197518,0.054722509479489825,0.057824887969665624,0.8973629782833504,0.25654946570148224,0.16356428817649088,0.07712857635298172,0.2663736642537056,0.24129610479145122,2.282919682867976,0.07428472940365391,0.343071354705274,0.2865391244398483,0.002412961047914512,0.07152705963460876,2.2427611168562565,0.13435022406066874,0.6319372630127541,0.10832471561530506,1.419855222337125,0.34962082040675624,0.07730093071354704,0.07635298173043777,0.023526370217166494,0.08057566356428816,0.04912099276111685,0.024301964839710442,0.01758014477766287,0.051447776628748706,5.170630816959668e-4,0.025939331265081005
A14,LD20,0.11510379384395134,0.24323550465282748,0.06406585540443807,1.6885468861846815,0.03392984967788117,0.12025769506084467,0.1572655690765927,0.04438081603435934,0.046671438797423054,0.14488188976377953,7.340730136005727,0.495561918396564,2.4482462419470292,0.23113815318539724,1.125984251968504,5.72655690765927e-4,0,0.03120973514674302,0.014531138153185399,0.4428060128847531,0.24402290622763062,0.5768790264853256,0.12841803865425913,0.19212598425196847,0.14889047959914103,0.9053686471009305,0,0.27229778095919827,0.24402290622763062,0.025053686471009307,0.02211882605583393,6.749319971367215,0.11023622047244094,0.5080887616320687,0.04173228346456693,0.3152469577666428,0.3123120973514674,0.6113815318539728,0.26241947029348606,0.02777380100214746,0.06929133858267716,0.03808160343593415,0.016607015032211882,0.009305654974946315,0.8030780243378669,0,0.1622047244094488
A15,LD20,0.10184955312810327,0.1614945382323734,0.0548038728897716,1.5796300893743795,0.012723435948361471,0,0.043259682224429,0.05325223435948362,0.03506703078450844,0.08931231380337637,5.137537239324728,0.16211519364448856,2.2128848063555115,0.19600297914597817,0.9013157894736843,1.8619662363455807e-4,0,0.016137040714995037,0.08676762661370407,0.3901439920556108,0.11382820258192652,0.09700844091360478,0.07727159880834161,0,0.06448609731876863,2.6037735849056602,0.09055362462760676,0.22579443892750747,0.14368172790466735,0,0.09253972194637539,3.5453699106256207,0.07379592850049653,0.245220953326713,0.0503351539225422,0.43048659384309834,0.1547914597815293,0.023088381330685206,0.013964746772591857,0.01365441906653426,0.058776067527308844,0.01973684210526316,0.00893743793445879,0.003413604766633565,0.01855759682224429,0,0.01657149950347567
A26,LD20,0.38096978557504874,0.6195175438596492,0.06566764132553606,2.9942738791423005,0.15874756335282655,0.34685672514619886,0.12341617933723198,0.22612085769980506,0.23330896686159847,0.34332358674463936,22.676413255360625,1.9619883040935673,8.3296783625731,0.1723927875243665,3.524610136452242,0.00402046783625731,0.006457115009746589,0.06408382066276803,0.03740253411306043,1.1942007797270957,0.30153508771929827,0.6987085769980507,0.23672027290448347,0.02168615984405458,0.18823099415204678,2.8339424951267054,0.06189083820662768,0.9147173489278753,0.0966130604288499,0.07309941520467836,0.030092592592592594,28.341983430799218,0.36147660818713456,1.8682992202729047,0.04422514619883041,0.4337231968810916,0.7229532163742691,0.3974171539961014,0.28435672514619886,0.0668859649122807,0.08272417153996102,0.06834795321637428,0.027534113060428852,0.018153021442495126,3.615618908382066,0,0.3161549707602339
B1,SD20,0.08247083949400362,0.1232134056185313,0.07310662066699523,1.1142598981435847,0,0.008214227041235419,0.01807129949071792,0.04033185477246591,0.00862493839329719,0.040413997042878264,3.1231312633481187,0.02505339247576803,0.18555938886150813,0.34787251519632,0.8373583045835388,2.4642681123706255e-4,9.035649745358962e-4,0.017907014949893215,0.03753901757844587,0.2024806965664531,0.09290290783637259,0.141695416461311,0.04057828158370297,0.16896665023821258,0.06341383275833744,0.4363397404304255,0.06045671102349268,0.2241662559553146,0.13816329883357975,0.0019714144898965004,0.018235584031542632,0.7831444061113849,0.026285526531953343,0.392393625759816,0.029653359618859863,1.0970100213569904,0.09668145227534089,0.009364218827008379,0,0.007310662066699523,0.0401675702316412,0.016510596352883197,0.006078528010514211,0.013471332347626087,0.003449975357318877,0,0.00977493017907015
B2,SD20,0.14390021296014602,0.20925869587262957,0.04365682993611195,1.4381908528546803,0.023679140046648416,0.12017036811682386,0.018405841192576818,0.035442652874961976,0.13629449345908126,0.07103742013994524,9.148615759050807,0.4784504614136497,2.596339113680154,0.1139843829226245,1.538282121488693,0.001216915120170368,0.005577527634114187,0.022157996146435453,0.05227664537065206,0.6583510800121692,0.26721427847074336,0.1828922016022716,0.06033870804178076,0.17548930128790186,0.09045735726599737,1.5507555014704393,0.10105465977081432,0.4050299158300375,0.04183145725585641,0,0.01794949802251293,20.526315789473685,0.06840077071290945,0.6991177365378766,0.04152722847581381,0.7795355440624684,0.17984991380184567,0.26858330798093505,0.03645674880843728,0.019318527532704594,0.062011966332015014,0.015160734205455837,0.019217117939357063,0.01805090761586046,0.9352499746476017,0.0012676199168441336,0.07631071899401683
B3,SD20,0.22725908135694986,0.2985589912939058,0.08848694085860102,1.3832182527769439,0.021540078054638246,0.0024016811768237767,0.06484539177424198,0.08968778144701291,0.011708195737015911,0.10582407685379766,5.962848994296007,0.060567397178024625,0.66413989792855,0.5811317922545782,1.4156409486640649,2.2515761032722905e-4,0.0030771540078054632,0.030096067247072953,0.057039927949564695,0.6362203542479736,0.2378414890423296,0.11693185229660764,0.09441609126388471,0.15716001200840587,0.21232362653857698,1.6894326028219753,0.0387271089762834,0.4064094866406484,0.20211648153707598,0.0327979585709997,0.07265085559891923,1.4149654758330832,0.09336535574902433,0.25135094566196337,0.0666466526568598,0.7363404383068148,0.2904533173221255,0.07655358751125789,0.033473431401981384,0.017712398679075356,0.08300810567397177,0.02311618132692885,0.013059141398979285,0.017712398679075356,0,6.754728309816872e-4,0.014184929450615431
B5,SD20,0.17515082956259428,0.4818533182503771,0.08399321266968326,3.922982654600302,0,5.184766214177979e-4,0.09544683257918553,0.10341251885369533,0.10779600301659124,0.09120475113122173,5.9104920814479645,0.21092571644042232,1.6863687782805432,0.4853883861236803,1.8085878582202113,7.070135746606336e-4,0,0,0.08667986425339368,0.7088046757164405,0.5496323529411764,0.5246040723981901,0.2677696078431373,0.3470493966817496,0.08314479638009051,2.18085407239819,0.17279411764705885,0.42199283559577677,0.16270739064856712,0.009426847662141781,0.06348981900452488,2.2737085218702866,0.18655731523378585,0.3689196832579186,0.07348227752639518,1.8859822775263955,0.39078996983408754,0.010746606334841629,0.04029977375565611,0.01970211161387632,0.13664215686274508,0.039875565610859726,0.01786387631975867,0.03813159879336351,0.10190422322775264,0,0.048265460030165915
B6,SD20,0,0.6034482758620691,0.2363193403298351,2.6782233883058475,0.08011619190404799,0,0.21514242878560721,0.11366191904047977,0.08020989505247376,0.2023050974512744,10.815685907046477,0.27445652173913043,1.4618628185907048,0.7361319340329836,2.463362068965518,4.685157421289356e-4,0,0.05584707646176912,0.041885307346326846,1.093328335832084,0.12678035982008998,0.25974512743628186,0.19237256371814096,0.4449025487256372,0.2065217391304348,3.6252811094452775,0.1011056971514243,0.5810532233883059,0.3377061469265368,0.0371064467766117,0.062031484257871077,2.2178598200899553,0.23219640179910048,0.7544977511244378,0.1687593703148426,1.6518928035982012,0.6585457271364318,0.14486506746626687,0.06671664167916043,0.0407608695652174,0.08798725637181411,0.08161544227886057,0.022020239880059973,0.021364317841079464,0.016398050974512746,0,0.041885307346326846
B8,SD20,0.20509250049731448,0.20827531330813606,0.13815396856972348,1.304953252436841,0.006564551422319475,0.09916451163715935,0.04177441814203302,0.02267754127710364,0.036602347324447976,0.09160533121145813,1.721404416152775,0.13427491545653472,0.5314302765068629,0.5299383330017903,2.1622239904515617,0.002387109608116172,0.0024865725084543466,0.04495723095285459,0.11865924010344141,0.3349910483389696,0.14282872488561765,0.08076387507459717,0.05510244678734831,0.3876069226178635,0.09498706982295603,0.9274915456534711,0.16431271135866318,0.8518997413964591,0.15416749552416947,9.946290033817386e-5,0.04943306146807241,3.250646508852198,0.048239506664014324,0.7092699423115179,0.03530932962005172,1.5369007360254625,0.1323851203501094,0.0327232942112592,0.028346926596379548,0.018699025263576686,0.06017505470459518,0.037199124726477024,0.021483986473045554,0.019196339765267554,0.4372389098866123,0.0010940919037199124,0.008553809429082952
B10,SD20,0.45847698995652825,0.511692399940039,0.1675161145255584,3.9318692849647725,0.04706940488682356,0.09766152001199223,0.13408784290211362,0.08934192774696446,0.14188277619547296,0.09473842002698246,6.82476390346275,0,2.5550142407435166,0.6828061759856093,2.439664218258132,5.996102533353321e-4,0,0.02833158447009444,0.08566931494528555,0.5285564383150952,0.2648778294108829,0.4839604257232799,0.23429770649078102,0.4213761055314046,0.3169689701693899,3.5862689251986213,0.09916054564533053,0.6747863888472493,0.19644730924898818,0.03492729725678309,0.09391395592864638,6.642032678758806,0.12172088142707241,0.32498875730774995,0.09818617898366062,2.3567681007345227,0.424599010643082,0.1412831659421376,0.0726277919352421,0.023384799880077946,0.12509368910208365,0.042797181831809326,0.04354669464847849,0.03335332034177784,0.0531404587018438,0,0.042797181831809326
C1,LD15,0,0.2603570455164895,0.06364131916053421,3.7326246933769416,0.03440992095938948,0.29510765876260564,0.4269555737258109,0.06268738075769964,0.30553284273644044,0.14458980648678113,16.98923412373944,2.32740528754429,7.2062551103843004,0.11208776233306078,1.1858135731807031,0.0024529844644317253,0,0,0.06548105750885799,0.4852820932134097,0.43247478877078227,3.1114745162169526,0.06636685745434724,0.2203597710547833,0.10854456255110385,2.349550286181521,0.19235486508585445,0.5331834287271736,0,0.003202507495230308,0.002112292177705097,17.537408013082587,0.14097846824747887,0.6107249931861543,0.2396429544835105,0.4140774052875443,0.15133551376396837,3.1036385936222404,0.029367675115835375,0.04578904333605888,0,0.012810029980921232,0.005042245843554102,0.012469337694194603,3.6339602071409103,0,0.6887435268465522
C3,LD15,0.30586186883343003,0.4072354420584252,0.12536273940800927,3.14296769201006,0.08347842909653705,0.010543625459469916,0.08086670535887018,0.09895531050493325,0.12478235635519443,0.1986844650802863,15.756239117817758,0.4777519829754304,3.2619462178371057,0.41149158444573414,3.147707486941381,5.803830528148577e-4,0.006674405107370865,0.09247436641516733,0.06887212226736313,1.9375120913136004,0.606016637647514,0.16124975817372797,0.24434126523505512,0.400077384407042,0.21416134648868254,3.6954923582898047,0.11007931901721803,1.155155736119172,0.2736506094022054,0.037434706906558333,0.08154381892048752,6.2554652737473395,0.19278390404333526,1.4413813116656993,0.22025536854323852,0.7619462178371058,0.8111820468175662,0.12961888179531825,0.2745211839814277,0.037434706906558333,0.15612304120719675,0.09518282066163668,0.01750822209324821,0.020990520410137357,0.09895531050493325,0,0.015670342426001158
C5,LD15,0.26286800545915384,0.7729576915578086,0.08008383700526418,2.5802300643400273,0.1323357379606161,0.47207057906024563,0.46524663677130046,0.6738155585884188,0.2910411386235134,0.19667576525638528,25.309806979918115,1.6041626047962565,7.727870930005849,0.10508871124975627,2.7802690582959637,0.0028270618054201595,0,0.061171768375901735,0.11995515695067265,2.218561123025931,0.21622148566972121,4.340417235328524,0.3802398128290115,0.3880873464612985,0.2312829011503217,2.7516085006823943,0.09168453889647103,4.482842659387795,0.06804445310976798,0,0.07940144277636967,15.26277052056931,0.23391499317605768,1.1314583739520376,0.1785435757457594,1.2851920452329888,0.7255312926496392,2.3684441411581205,0.2115422109573016,0.04425813998830182,0.1044550594657828,0.09339052446870734,0.05434782608695652,0.017547280171573407,3.1065997270423082,0,0.484256190290505
C6,LD15,0.267246835443038,0.339873417721519,0.14058544303797468,4.122626582278481,0,0,0.11091772151898734,0.10245253164556962,0.11455696202531647,0.09604430379746837,9.24129746835443,0.14145569620253165,3.4128955696202525,0.20712025316455698,2.5366297468354433,5.537974683544304e-4,0,0.052927215189873415,0.18283227848101266,0.6553797468354431,0.3943037974683544,0.4411392405063291,0.17175632911392405,0,0.1108386075949367,4.384256329113923,0.11052215189873417,0.8641613924050633,0.2049841772151899,0,0.05482594936708861,6.637183544303798,0.11155063291139242,0.9057753164556962,0.16242088607594937,1.9736550632911392,0.31811708860759497,0.056170886075949375,0.039240506329113925,0.028955696202531647,0.1596518987341772,0.06384493670886077,0.055617088607594935,0.0060917721518987345,0.09984177215189874,0.0018987341772151896,0.04841772151898734
C7,LD15,0.11529235382308846,0.4668665667166417,0.12136431784107947,3.271214392803598,0.042203898050974506,0.018365817091454274,0.11484257871064467,0.08958020989505247,0.10059970014992502,0.17233883058470764,9.915517241379309,0.3550974512743628,2.4456521739130435,0.38770614692653677,2.2363568215892053,8.995502248875561e-4,0,0.05539730134932534,0.06536731634182909,1.2155172413793103,0.553223388305847,0.260119940029985,0.24497751124437783,0.21274362818590703,0.3929535232383809,3.025562218890555,0.1530734632683658,0.6676911544227886,0.18643178410794603,0.04767616191904048,0.06401799100449775,3.609145427286357,0.1590704647676162,0.6502248875562218,0.06386806596701648,1.2182908545727136,0.5650674662668665,0.11559220389805097,0.17961019490254873,0.03523238380809595,0.1676911544227886,0.08598200899550225,0.0260119940029985,0.01791604197901049,0.08013493253373313,0,0.032758620689655175
C10,LD15,0.3381236779892995,0.4247853676745054,0.05692422545726017,1.667786487495334,0.11677242752270749,0.23037202936419063,0.0932561901206918,0.11372402637800176,0.12517108373771307,0.14644767948239393,18.474430757745427,1.0302973746422794,5.054809008336444,0.09014557670772677,2.5176060719173825,0.00167973124300112,0.007900958068931194,0.05263157894736842,0.09070548712206049,0.9008336443946746,0.32953838496951604,0.22782132636555927,0.2965658827920866,0.3121811621251711,0.20256314545228324,1.8488864003981587,0.11303969142714944,0.445999751150927,0.08591514246609432,0.0500186636804778,0.07851188254323753,9.246298370038572,0.16492472315540627,1.2698146074405874,0.004168221973373149,0,0.5569864377255195,0.38154784123429136,0.26682841856414086,0.03950479034465597,0.11471942267015056,0.062398905064078636,0.010078387458006719,0.015304217991787982,2.1962797063580943,0,0.18271743187756628
C11,LD15,0.2978465271458902,0.6766252148417754,0.07607926397735315,2.1582246486705086,0.1099989889798807,0.2965827519967648,0.4132544737640279,0.43817611970478215,0.18071984632494187,0.25326053988474373,16.879081993731674,0.8475887170154687,4.533262561924983,0.11555959963603275,1.9453543625518148,9.099181073703368e-4,0.003993529471236478,0.05130927105449399,0.1547366292589223,1.8580022242442624,0.41436659589525837,3.10696592862198,0.3199373167526034,0.06551410373066424,0.6573147305631383,1.0131432615509048,0.021029218481447783,2.598170053584066,0.5319482357698918,0.04564755838641189,0.08805985239106258,7.5230007077140835,0.28632089778586595,1.1447275300778486,0.1356283490041452,0.4659791729855424,0.7154483874229097,1.3516833484986353,0.4289252856131837,0.058234758871701556,0.1429582448690729,0.08811040339702761,0.011171772318269135,0,1.9013749873622487,0.00545950864422202,0.3327267212617531
D5,SD15,0.19150513112884834,0.13779931584948688,0.12075256556442418,1.1887685290763967,0.006499429874572406,0.014481185860889395,0.10017103762827821,0.03072976054732041,0.03586088939566705,0.046465222348916764,4.559179019384264,0.15781071835803875,0.7021664766248575,0.23255416191562142,0.8801596351197264,6.271379703534778e-4,0,0.02685290763968073,0.05769669327251995,0.3815279361459521,0.1846066134549601,0.08916761687571266,0.05039908779931585,0.18762827822120867,0.07662485746864311,0.7942417331812999,0.10997719498289625,0.27941847206385406,0.13665906499429875,0.014880273660205246,0.04982896237172178,0.5628848346636259,0.051767388825541626,0.35946408209806163,0.07611174458380844,0.5712086659064994,0.16978335233751427,0.012485746864310148,0.017616875712656785,0.007183580387685291,0.0539908779931585,0.028335233751425316,0.005074116305587229,0.009122006841505131,0.20507411630558725,3.9908779931584947e-4,0.0074686431014823265
D11,SD15,0,0.31004663816556555,0.05110765643218034,1.688107267780801,0.05664593859308201,0.23780606296152354,0.04556937427127866,0.07394092499028372,0.10396424407306647,0.09274193548387098,12.722842984842599,1.1499222697240576,5.428585308977848,0.05353672755538283,1.0228332685581034,0.0020890011659541394,0.009036144578313254,0.02739992226972406,0.04411193159735718,1.2056451612903227,0.17110376991838325,0.12631169840652937,0.15954139137193937,0.13549358725223476,0.06582782743878741,1.3595025262339682,0.03075204041974349,0.272493198600855,0,0.008647493198600855,0.014137193937038479,12.668577535950254,0.11266031869413139,0.4918383210260397,0.009813447337738049,0.024776525456665376,0.3191799455888069,0.3167508744656044,0.0767586474931986,0.02574815390594637,0.058394869801787805,0.027497085114652164,0.015011659541391375,0.0036921881072677814,2.2321706179556937,0,0.15385736494364555
D12,SD15,0.28232189973614774,0.30686015831134567,0.08469656992084433,1.42401055408971,0.04432717678100265,0.028759894459102903,0.12401055408970976,0.04722955145118733,0.030606860158311343,0.10382585751978893,2.652902374670185,0.11939313984168864,0.6600263852242744,0.2116094986807388,1.8600263852242747,3.9577836411609497e-4,0.014379947229551451,0.07598944591029025,0.12071240105540897,0.3405013192612138,0.09155672823218998,0.10131926121372031,0.09432717678100265,0.26068601583113454,0.47189973614775726,1.3844327176781004,0.1063324538258575,0.32941952506596306,0.2204485488126649,0.0212401055408971,0.09920844327176781,1.9463060686015832,0.11899736147757256,1.115831134564644,0.03496042216358839,0.29894459102902377,0.48601583113456465,0.05778364116094987,0.12691292875989446,0.014907651715039579,0.07941952506596306,0.039050131926121376,0.006596306068601583,0.012269129287598947,0.04472295514511873,0,0.006860158311345647
D16,SD15,0,0.3734298488396849,0.5293804556099638,2.343942942303598,0.011922503725782414,0.09708324462422824,0.12752820949542262,0.05450287417500532,0.04641260378965297,0.3526719182456888,0.46316797956142225,0.2723014690227805,0.3121141153928039,1.8335107515435385,2.3502235469448585,0.003299978709814776,0.008728975942090695,0.06482861400894188,0.09463487332339791,0.3004045135192676,0.1761762827336598,0.0336384926548861,0.23876942729401748,0.41590376836278475,0.2618692782627209,0.3808814136682989,4.180221417926337,0.3983393655524803,0.9721098573557589,0.04790291675537577,0.058867362146050664,0.5820736640408771,0.11847988077496274,0.4266553119012136,0.03800298062593145,0.09282520757930594,0.5272514370875027,0.059080263998296786,0.022248243559718966,0.12518628912071533,0.1678731104960613,0.06866084734937195,0.014903129657228018,0.02299340004258037,0.33766233766233766,0.007664466680860124,0.028954651905471574
D17,SD15,0.12504498020870816,0.11029147175242894,0.030646515533165407,1.0875614729519012,0.009775698692575267,0.01097517092479309,0.04701931150293871,0.02284994602374955,0.012294590380232699,0.0416216864579585,1.3491063931869975,0.06579105193714765,0.217764183759146,0.08180400623725562,0.8262564471632483,5.997361161089121e-5,4.7978889288712967e-4,0.034784694734316904,0.056015353244572394,0.17296389588581024,0.04264123785534365,0.0027587861341009955,0.06926952141057935,0,0.05679501019551398,0.5993163008276359,0.05781456159289913,0.1589900443804726,0.08744152572867939,0.025248890488185204,0.05847427132061893,0.5767662228619408,0.041921554516012954,0.23929471032745595,0.04144176562312582,0.12114669545400025,0.18873695573947463,0.02278997241213866,0.1126304426052537,0.007616648674583183,0.05313661988724961,0.025608732157850547,0.003778337531486146,0.0035984166966534724,0.018471872376154493,0,0.0077365958978049655
D18,SD15,0.15891912320483748,0.1264644746787604,0.035667044595616024,0.9169028722600151,0.02286470143613001,0.040674603174603176,0.0467687074829932,0.04029667422524565,0.015400604686318974,0.052910052910052914,4.050736961451247,0.20299508692365834,0.9049981103552532,0.04813869992441421,0.7265211640211641,3.779289493575208e-4,0.004109977324263038,0.03689531368102797,0.04421768707482993,0.14233749055177627,0.09476568405139833,0.11276455026455026,0.06325585789871505,0,0.16241496598639454,0.3493480725623583,0.0543745275888133,0.16463529856387002,0.09263983371126228,0.01832955404383976,0.0496031746031746,0.47685185185185186,0.042091836734693876,0.3191137566137566,0.015353363567649282,0.025888133030990173,0.24017384731670444,0.08078231292517007,0.1931689342403628,0.010487528344671202,0.050642479213907785,0.02787226001511716,0.002220332577475435,9.44822373393802e-4,0.5333994708994709,7.086167800453515e-4,0.01828231292517007
D20,SD15,0.08790297501814036,0.17844925883694412,0.04524722711723852,1.549808230537991,0.005442106354307039,0.019332434953871668,0.04193013372032757,0.038302062817456205,0.01290556649735669,0.04996371929097129,2.6259977194982898,0.06043329532497149,0.40085000518295844,0.1556442417331813,0.7811754949725304,1.036591686534674e-4,0,0.023737949621644036,0.07986938944749662,0.29288898103037214,0.1499429874572406,0.0696589613351301,0.08132061780864518,0,0.06872602881724889,0.7271172385197471,0.1680833419715974,0.14336063024774542,0.15585156007048823,0.017000103659168653,0.0569088835907536,1.2368612003731732,0.05602778065719913,0.13143982585259667,0.04136000829273349,0.1799523167824194,0.19762620503783562,0.02239038042914896,0.17580595003628072,0.00964030268477247,0.07696693272519954,0.02456722297087177,0.0037835596558515603,0.009070177257178399,0.01596351197263398,0,0.012698248160049757
D22,SD15,0.27340868063731266,0.10085550584726474,0.021269916019150775,0.3878031551683542,0.01746330743269759,0.04359940350051016,0.040067498626481436,0.0466996311121576,0.016089788870575307,0.05800172670904953,3.514088376108626,0.1707872223530335,1.1921748685346518,0.05046699631112157,0.6683933757161918,4.316772623812888e-4,0,0.01769876775763284,0.06973549956832274,0.2347539439604427,0.07522957381681186,0.271211050937917,0.043049996075661255,0.014873243858409857,0.10266070167176833,0.5069853229730791,0.015501138058237187,0.30982654422729766,0.14516129032258066,0.011105878659445885,0.07676006592889098,3.380307668157916,0.04713130837453889,0.2708578604505141,0.008201867985244485,0.23424377992308296,0.15108704183345106,0.09230044737461737,0.0632210972451142,0.014794757083431443,0.0316301703163017,0.014677026920963818,0.0034141747115611016,0.002707793736755357,0.26293069617769405,0,0.023232085393611178
D23,SD15,0.3043756397134084,0.4395257591265779,0.04149607642442852,1.8283009211873078,0.08602012964858409,0.21178778573865575,0.37141760491299897,0.44532582736267484,0.15340327533265097,0.19639201637666326,14.957267144319346,1.1324206755373594,5.802925622654384,0.023712043671102013,2.0585977482088023,0.0020470829068577273,0.008145684066871375,0.05518594336403958,0.10759979529170932,1.8711617195496417,0.15331798021153187,2.809621289662231,0.288510747185261,0.24223814397816446,0.1259382463323098,1.353590924599113,0.042306380075059706,2.5851245308768336,0.3664278403275333,0.00626919140225179,0.06508017741385191,16.381439781644488,0.1666240191061071,1.1007761856021836,0.25153531218014324,0.5729273285568066,0.5127516206073012,1.3999914704878877,0.15562094848174682,0.04495052882975094,0.082352439440464,0.09245991129307404,0.017613442511088363,0.006780962128966223,2.2676560900716476,0,0.2904298874104401
D24,SD15,0.4526913928288257,0.3618623909787684,0.02158400140956744,1.3659589463483393,0.11902035062990045,0.2113910668663554,0.18029248524359087,0.10078407188793939,0.13227909435292046,0.15346665492027134,12.925072680821074,0.9403136287551758,4.564311514404017,0.030878336710421988,2.723900977887411,0.0026429389481102987,0.005682318738437142,0.0565588934895604,0.11003435820632544,1.523301911725839,0.2508149061756674,0.7128446832878161,0.37287463659589465,0.2860981411329398,0.12721346136904238,1.1569905735177517,0.10214959034446305,0.5682318738437142,0.21328517311250111,0.036296361554048105,0.066381816580037,16.671526737732357,0.16743018236278745,1.447581710862479,0.0504360849264382,0,0.6576953572372478,1.1447449563915075,0.24535283234957275,0.025460311866795877,0.1690599947141221,0.042815610959386845,0.008985992423575015,0.004316800281913488,1.4341467712095852,0.0016298123513346842,0.21209585058585145
D26,SD15,0.07752009609165665,0.40788136376235795,0.05982629585142751,2.306476947241985,0.10962764483045366,0.24392497459114848,0.04416520373279127,0.13309618405248083,0.15933659798577102,0.2971911669592534,18.12990852813453,1.393929594382334,7.158135452277557,0.08412639748683359,3.105747020234685,0.0029104684468262035,0.006837290954448859,0.049616557331608614,0.14857248452369956,1.9278388616834519,0.35004157812066894,0.24591148480088698,0.26346669130555295,0,0.03395546521297237,2.5099325510486925,0,0.9024300101635406,0,0.04019218331331424,0.07239212787582,19.85082694262219,0.2110782592626813,1.4939018756352211,0.024715882842095537,0.7019310727155132,0.5786288459761618,0.45283193199667376,0.08006098124364779,0.05497551510671718,0.10274415596415043,0.05312759863254181,0.01746281068095722,0,2.2422618497643905,0.0016169269149034463,0.17107086759678464
